Kampanyalar,En Yeni Giyim Markaları,https://www.n11.com/kampanyalar/en-yeni-giyim-markalari
Kampanyalar,Barınaktan Köpek Sahiplenme - Evcil Hayvan Sahiplendirme,https://www.n11.com/kampanyalar/evcil-hayvan-sahiplendirme
Kampanyalar,Oto Lastik Çeşitleri - Yaz / Kış / 4 Mevsim Lastikler,https://www.n11.com/kampanyalar/oto-lastik-cesitleri
Kampanyalar,DenizBank’tan İnternet Harcamalarına Özel İndirim,https://www.n11.com/kampanyalar/denizbank-internet-harcamalarina-ozel-indirim
Kampanyalar,Anne & Bebek Ürünleri - Top 11 Ürün,https://www.n11.com/kampanyalar/anne-bebek-top-11
Kampanyalar,"Evlilik, Düğün, Söz, Nişan, Kına Hazırlıkları",https://www.n11.com/kampanyalar/evlilik-kina-dugun-soz-nisan-hazirliklari
Kampanyalar,Her Adımda Beraber - Bebek Ürünleri,https://www.n11.com/kampanyalar/bebek-urunleri
Kampanyalar,Papara Kart Harcamaları Anında %5 Nakit Kazandırıyor!,https://www.n11.com/kampanyalar/papara-cashback-programi
Kampanyalar,Gümüş Takı Kampanyaları - İndirimli Gümüş Takılar,https://www.n11.com/kampanyalar/gumus-taki-kampanyalari
Kampanyalar,Dremel Çok Amaçlı El Aletleri,https://www.n11.com/kampanyalar/dremel-islevsel-el-aletleri
Kampanyalar,Giyim Ürünlerine Özel Bakım ve Koruma Önerileri,https://www.n11.com/kampanyalar/giyim-urunlerine-ozel-bakim-ve-koruma-onerileri
Kampanyalar,Siemens Sigortalar & Kaçak Alım Röleleri - n11.com,https://www.n11.com/kampanyalar/siemens-sigortalar
Kampanyalar,Ziynetli Takılar ve İşçilikli Bileziklerde Çok Özel Fiyatlar,https://www.n11.com/kampanyalar/ziynetli-takilar-ve-iscilikli-bileziklerde-cok-ozel-fiyatlar
Kampanyalar,İstanbul Zaman Kumpanyası - 1915 Saat Koleksiyonu,https://www.n11.com/kampanyalar/istanbul-zaman-kumpanyasi-saat-koleksiyonu
Kampanyalar,Güneş Gözlüğü Modelleri İndirimli Fiyatlarla n11.com’da!,https://www.n11.com/kampanyalar/gunes-gozlugu-modellerinde-indirimli-fiyat-imkani
Kampanyalar,Schneider Electric Ürünleri - Elektrik Malzemeleri,https://www.n11.com/kampanyalar/schneider-electric-urunleri
Kampanyalar,"Evcil Hayvan Ürünleri - Mama, Elbise, Bakım",https://www.n11.com/kampanyalar/evcil-hayvan-urunleri
Kampanyalar,Köpek Ürünlerinde 60 TL’ye Varan Sepette İndirim,https://www.n11.com/kampanyalar/kopek-urunlerine-ozel-sepette-ek-indirim-kampanyasi
Kampanyalar,Yatırımlık Altın ve Gümüşte Hediye İndirim Kuponu Kampanyası,https://www.n11.com/kampanyalar/yatirimlik-altin-gumus-indirim-kuponu-kampanyasi
Kampanyalar,Yaşam Alanınızı Dekore Etmenizde Gerekli Tadilat Ürünleri,https://www.n11.com/kampanyalar/tadilat-urunleri-kampanyasi
Kampanyalar,Original Store Tüm Ürünlerde Geçerli %25 İndirim,https://www.n11.com/kampanyalar/original-store-indirim-kampanyasi
Moda,Sevgililer Gününe Özel En Şık Güneş Gözlükleri n11'de!,https://www.n11.com/promosyon/sevgililer-gunune-ozel-en-sik-gunes-gozlukleri-n11de-1483408
Moda,Scooter Tüm Ürünlerde %45 İndirim,https://www.n11.com/promosyon/scooter-tum-urunlerde-45-indirim-1478363
Moda,Pierrecardin'de Bebeğinize Özel Sepette %30 İndirim,https://www.n11.com/promosyon/pierrecardinde-bebeginize-ozel-sepette-30-indirim-1485374
Moda,Bot İndirimleri,https://www.n11.com/promosyon/bot-indirimleri-1470352
Moda,Papary Güneş Gözlüklerinde Sepette %15 İndirim Fırsatı!,https://www.n11.com/promosyon/papary-gunes-gozluklerinde-sepette-15-indirim-firsati-1484375
Moda,E-Çanta 2 al 1 öde,https://www.n11.com/promosyon/e-canta-2-al-1-ode-1475375
Moda,Mavi İndirim,https://www.n11.com/promosyon/mavi-indirim-1378411
Moda,Murat Giyim Erkek Giyim Ürünlerinde %60 Sepette Ek İndirim,https://www.n11.com/promosyon/murat-giyim-erkek-giyim-urunlerinde-60-sepette-ek-indirim-1440377
Moda,Royal Polo'da Sevgililer Gününe Özel Fırsatları Kaçırma!,https://www.n11.com/promosyon/royal-poloda-sevgililer-gunune-ozel-firsatlari-kacirma-1485364
Moda,Sevgililer Gününe Özel Swarovski Güneş Gözlüklerinde %50'ye Varan İndirim!,https://www.n11.com/promosyon/sevgililer-gunune-ozel-swarovski-gunes-gozluklerinde-50ye-varan-indirim-1483409
Moda,Saat ve Takıda Fırsat Ürünlerini Kaçırma! 1-2-3 Şubat,https://www.n11.com/promosyon/saat-ve-takida-firsat-urunlerini-kacirma-1-2-3-subat-1483362
Moda,Bisse Seçili Ürünlerde 3 Al 2 Öde,https://www.n11.com/promosyon/bisse-secili-urunlerde-3-al-2-ode-1477355
Moda,Kiğılı İndirim,https://www.n11.com/promosyon/kigili-indirim-1445356
Moda,Ekol Tüm Ürünlerde %10 Sepette İndirim,https://www.n11.com/promosyon/ekol-tum-urunlerde-10-sepette-indirim-1475350
Moda,Binlerce Anne & Bebek Ürününde Fırsat Günlerini Kaçırma,https://www.n11.com/promosyon/binlerce-anne-bebek-urununde-firsat-gunlerini-kacirma-1479409
Moda,İgs İndirim,https://www.n11.com/promosyon/igs-indirim-1440371
Moda,"Calvin Klein, Guess, Tommy Hilfiger Sepette Ek %10'a Varan İndirim",https://www.n11.com/promosyon/calvin-klein-guess-tommy-hilfiger-sepette-ek-10a-varan-indirim-1448364
Moda,Altınyıldız İndirim,https://www.n11.com/promosyon/altinyildiz-indirim-1405372
Moda,MarkaStok Ayakkabı Çantada Sepette Ek %20 İndirim,https://www.n11.com/promosyon/markastok-ayakkabi-cantada-sepette-ek-20-indirim-1442363
Moda,Centone %60'a Varan İndirim,https://www.n11.com/promosyon/centone-60a-varan-indirim-1482449
Moda,Kadın Giyim'de Sevilen Markalar,https://www.n11.com/promosyon/kadin-giyimde-sevilen-markalar-1443425
Moda,Erkek Giyim Markalarında %50'ye Varan İndirim,https://www.n11.com/promosyon/erkek-giyim-markalarinda-50ye-varan-indirim-1448351
Moda,Ds Damat %70'e Varan İndirim,https://www.n11.com/promosyon/ds-damat-70e-varan-indirim-1465350
Moda,RAMSEY & KIP,https://www.n11.com/promosyon/ramsey-kip-1459358
Moda,Dufy Seçili Ürünlerde İndirim,https://www.n11.com/promosyon/dufy-secili-urunlerde-indirim-1427365
Moda,Hatemoğlu Tüm Ürünlerde Geçerli Sepette İndirim,https://www.n11.com/promosyon/hatemoglu-tum-urunlerde-gecerli-sepette-indirim-1468411
Moda,Colin's Tüm ürünlerde %70'e Varan İndirim,https://www.n11.com/promosyon/colins-tum-urunlerde-70e-varan-indirim-1463353
Moda,Lufian %70'e Varan İndirim,https://www.n11.com/promosyon/lufian-70e-varan-indirim-1445350
Moda,"Yağmurluk, Ceket ve Hırka Ürünlerinde 99.90 TL ve Altı Fiyatlar",https://www.n11.com/promosyon/yagmurluk-ceket-ve-hirka-urunlerinde-9990-tl-ve-alti-fiyatlar-1443357
Moda,Yağmura Şemsiye - 99 TL Altı Fiyatlar,https://www.n11.com/promosyon/yagmura-semsiye-99-tl-alti-fiyatlar-1468368
Moda,catchjeans,https://www.n11.com/magaza/catchjeans
Moda,XENAMARK,https://www.n11.com/magaza/xhan
Moda,nursanzafer,https://www.n11.com/magaza/mascarano
Moda,Tampap,https://www.n11.com/magaza/tampap
Moda,GürelOptik Kadın ve Erkek Güneş Gözlüklerinde %50'ye Varan İndirimler!,https://www.n11.com/promosyon/gureloptik-kadin-ve-erkek-gunes-gozluklerinde-50ye-varan-indirimler-1418359
Moda,Güneş Gözlüklerinde Özel Fiyatları Kaçırma!,https://www.n11.com/promosyon/gunes-gozluklerinde-ozel-fiyatlari-kacirma-1480364
Moda,AtasunOptik Affair Marka Güneş Gözlüklerinde Özel Fiyatları Kaçırma!,https://www.n11.com/promosyon/atasunoptik-affair-marka-gunes-gozluklerinde-ozel-fiyatlari-kacirma-1482364
Moda,Es Bella ve Gabba Markalı Güneş Gözlüklerinde Tek Fiyat!,https://www.n11.com/promosyon/es-bella-ve-gabba-markali-gunes-gozluklerinde-tek-fiyat-1480361
Moda,Koton İndirim,https://www.n11.com/promosyon/koton-indirim-1465354
Moda,Tudors %60'a Varan İndirim,https://www.n11.com/promosyon/tudors-60a-varan-indirim-1479428
Moda,Bad Bear %40'a Varan İndirim,https://www.n11.com/promosyon/bad-bear-40a-varan-indirim-1476408
Moda,"Atkı, Bere, Eldiven Ürünlerinde 14.90 TL'den Başlayan Fiyatlarla",https://www.n11.com/promosyon/atki-bere-eldiven-urunlerinde-1490-tlden-baslayan-fiyatlarla-1483368
Moda,Loya 1 Alana 1 Bedava,https://www.n11.com/promosyon/loya-1-alana-1-bedava-1480352
Moda,Hammer Jack Tüm Ürünlerde %30 İndirim,https://www.n11.com/promosyon/hammer-jack-tum-urunlerde-30-indirim-1479368
Moda,Erkek ve Kadın Montlarında 199.90 TL ve Altı Fiyatlar,https://www.n11.com/promosyon/erkek-ve-kadin-montlarinda-19990-tl-ve-alti-fiyatlar-1454385
Moda,Disney Ürünlerinde İndirimi Keşfet,https://www.n11.com/promosyon/disney-urunlerinde-indirimi-kesfet-1482400
Moda,Gant Seçili Ürünlerde %30'a Varan İndirim,https://www.n11.com/promosyon/gant-secili-urunlerde-30a-varan-indirim-1474360
Moda,Cüzdan Setlerinde İndirimler,https://www.n11.com/promosyon/cuzdan-setlerinde-indirimler-1483367
Moda,CAT - Timberland - Harley Davidson,https://www.n11.com/promosyon/cat-timberland-harley-davidson-1454352
Moda,Lumberjack %60'a Varan İndirim,https://www.n11.com/promosyon/lumberjack-60a-varan-indirim-1422361
Moda,Büyük Numara Ayakkabı Fırsatları,https://www.n11.com/promosyon/buyuk-numara-ayakkabi-firsatlari-1480372
Moda,Ayakkabılara Özel İndiriml,https://www.n11.com/promosyon/ayakkabilara-ozel-indiriml-1379384
Moda,Kinetix %60'a Varan İndirim,https://www.n11.com/promosyon/kinetix-60a-varan-indirim-1433357
Moda,U.S.Polo Assn Çanta ve Ayakkabılarda  İndirim,https://www.n11.com/promosyon/uspolo-assn-canta-ve-ayakkabilarda-indirim-1373378
Moda,İnci %60'a Varan İndirim,https://www.n11.com/promosyon/inci-60a-varan-indirim-1434376
Moda,Dockers by Gerli %60'a Varan İndirim,https://www.n11.com/promosyon/dockers-by-gerli-60a-varan-indirim-1434377
Moda,U.S. Polo %60'a Varan İndirim,https://www.n11.com/promosyon/us-polo-60a-varan-indirim-1434378
Moda,Nine West %60'a Varan İndirim,https://www.n11.com/promosyon/nine-west-60a-varan-indirim-1434379
Moda,Polaris %60'a Varan İndirim,https://www.n11.com/promosyon/polaris-60a-varan-indirim-1434380
Moda,Butigo %60'a Varan İndirim,https://www.n11.com/promosyon/butigo-60a-varan-indirim-1434381
Moda,Ev Terlikleri & Panduflarda Özel İndirimler,https://www.n11.com/promosyon/ev-terlikleri-panduflarda-ozel-indirimler-1446368
Moda,Markalarda Haftanın Çok Satan Ürünleri,https://www.n11.com/promosyon/markalarda-haftanin-cok-satan-urunleri-1470358
Moda,Flo Erkek Ayakkabı Fırsatları,https://www.n11.com/promosyon/flo-erkek-ayakkabi-firsatlari-1437351
Moda,Flo Kadın Ayakkabı Fırsatları,https://www.n11.com/promosyon/flo-kadin-ayakkabi-firsatlari-1437352
Moda,Flo Çocuk Ayakkabı Fırsatları,https://www.n11.com/promosyon/flo-cocuk-ayakkabi-firsatlari-1437353
Moda,Yağmur Çizmelerinde İndirimli Fiyatlar,https://www.n11.com/promosyon/yagmur-cizmelerinde-indirimli-fiyatlar-1454372
Moda,Bavul & Valizlerde Avantajlı Fiyatlar,https://www.n11.com/promosyon/bavul-valizlerde-avantajli-fiyatlar-1482431
Moda,Çocuk Botlarında Avantajlı Fiyatlar,https://www.n11.com/promosyon/cocuk-botlarinda-avantajli-fiyatlar-1479407
Moda,Kadın Bot Modellerinde Avantajlı Fiyatlar,https://www.n11.com/promosyon/kadin-bot-modellerinde-avantajli-fiyatlar-1475370
Moda,"Ugg, Moon Boot, Cool Moon, Pegia Marka Ürünlerde İndirim",https://www.n11.com/promosyon/ugg-moon-boot-cool-moon-pegia-marka-urunlerde-indirim-1458361
Moda,Etichet mağazasına özel %30'a varan indirim,https://www.n11.com/promosyon/etichet-magazasina-ozel-30a-varan-indirim-1481361
Moda,Kipling - Smart Bags - Eastpak - Doughnut - Herschel - KANKEN,https://www.n11.com/promosyon/kipling-smart-bags-eastpak-doughnut-herschel-kanken-1369372
Moda,Giysa Firmasına Özel Seçili Ürünlerde %25 Sepet İndirimi,https://www.n11.com/promosyon/giysa-firmasina-ozel-secili-urunlerde-25-sepet-indirimi-1479359
Moda,Kolej Ceketlerinde %10 Sepette Ek İndirim,https://www.n11.com/promosyon/kolej-ceketlerinde-10-sepette-ek-indirim-1482420
Moda,Kadın İç Giyim Ürünlerinde Fırsatları Kaçırma,https://www.n11.com/promosyon/kadin-ic-giyim-urunlerinde-firsatlari-kacirma-1469446
Moda,Tesettür Giyimde Çok Satanlar,https://www.n11.com/promosyon/tesettur-giyimde-cok-satanlar-1416364
Moda,Camper Ürünleri,https://www.n11.com/promosyon/camper-urunleri-1469443
Moda,Erkek ve Kadın Çorap Ürünlerinde Fırsatları Kaçırma ,https://www.n11.com/promosyon/erkek-ve-kadin-corap-urunlerinde-firsatlari-kacirma-1481359
Moda,Çizgi Karakterli Çocuk Ayakkabılarında İndirimler,https://www.n11.com/promosyon/cizgi-karakterli-cocuk-ayakkabilarinda-indirimler-1481353
Moda,Dilvinshop,https://www.n11.com/magaza/dilvin
Moda,Mini Baget Çantalar,https://www.n11.com/promosyon/mini-baget-cantalar-1378386
Moda,Sezonun En Çarpıcı Koleksiyonu: giybi X Yonca Çallı,https://www.n11.com/promosyon/sezonun-en-carpici-koleksiyonu-giybi-x-yonca-calli-1455360
Moda,giybi - Stilini Baştan Yaratacak Parçalarla Sonbahar / Kış Koleksiyonu,https://www.n11.com/promosyon/giybi-stilini-bastan-yaratacak-parcalarla-sonbahar-kis-koleksiyonu-1448350
Moda,Kadın ve Erkek Giyimde Ekose Trendi,https://www.n11.com/promosyon/kadin-ve-erkek-giyimde-ekose-trendi-1442365
Elektronik,Video Oyun ve Konsol Promosyonu,https://www.n11.com/promosyon/video-oyun-ve-konsol-promosyonu-1277329
Elektronik,Uydu Alıcı Kampanyası,https://www.n11.com/promosyon/uydu-alici-kampanyasi-1376356
Elektronik,Techwood TV Kampanyası,https://www.n11.com/promosyon/techwood-tv-kampanyasi-1393359
Elektronik,Bang & Olufsen Ses Sistemi Kampanyası,https://www.n11.com/promosyon/bang-olufsen-ses-sistemi-kampanyasi-1372377
Elektronik,Nethouse Mağazasında Şubat Kampanyası,https://www.n11.com/promosyon/nethouse-magazasinda-subat-kampanyasi-1485365
Elektronik,Bilgisayar Aksesuarları,https://www.n11.com/promosyon/bilgisayar-aksesuarlari-503250
Elektronik,Yazıcılar,https://www.n11.com/promosyon/yazicilar-404251
Elektronik,Modem ve Ağ Ürünleri,https://www.n11.com/promosyon/modem-ve-ag-urunleri-417250
Elektronik,Seçili Lenovo Tabletlerde N11'e Özel Fırsatlar,https://www.n11.com/promosyon/secili-lenovo-tabletlerde-n11e-ozel-firsatlar-1474358
Elektronik,Notebook Aksesuarlarında Fırsatlar,https://www.n11.com/promosyon/notebook-aksesuarlarinda-firsatlar-736274
Elektronik,Cihazlarına Güç Katacak Pillerde Avanjtalı Fiyatlar,https://www.n11.com/promosyon/cihazlarina-guc-katacak-pillerde-avanjtali-fiyatlar-1472400
Elektronik,Samsung Soundbar Kampanyası,https://www.n11.com/promosyon/samsung-soundbar-kampanyasi-1429350
Elektronik,Samsung TV Fırsatları,https://www.n11.com/promosyon/samsung-tv-firsatlari-1430358
Elektronik,Vestel Televizyonlarda Haftanın Fırsatları,https://www.n11.com/promosyon/vestel-televizyonlarda-haftanin-firsatlari-1398353
Elektronik,Saba Televizyon Fırsatları,https://www.n11.com/promosyon/saba-televizyon-firsatlari-1386410
Elektronik,LG TV'lerde Süper Fiyatlar,https://www.n11.com/promosyon/lg-tvlerde-super-fiyatlar-1390366
Elektronik,Cep Telefonu Aksesuarları Fırsatı,https://www.n11.com/promosyon/cep-telefonu-aksesuarlari-firsati-1046258
Elektronik,TCL TV'lerde Fırsat,https://www.n11.com/promosyon/tcl-tvlerde-firsat-1455354
Elektronik,Beyaz Eşyalarda Süper Fırsatlar,https://www.n11.com/promosyon/beyaz-esyalarda-super-firsatlar-1443405
Elektronik,Simtech Isıtıcı Kampanyası,https://www.n11.com/promosyon/simtech-isitici-kampanyasi-1483406
Elektronik,Televizyon Modellerinde 9'a Varan Taksit Seçenekleri,https://www.n11.com/promosyon/televizyon-modellerinde-9a-varan-taksit-secenekleri-1483361
Elektronik,Projeksiyon ve Aksesuarları,https://www.n11.com/promosyon/projeksiyon-ve-aksesuarlari-1342368
Elektronik,TV & Ses Sistemleri Aksesuarlarında Fırsatları Kaçırma,https://www.n11.com/promosyon/tv-ses-sistemleri-aksesuarlarinda-firsatlari-kacirma-1482413
Elektronik,Su Isıtıcı & Şofben Kampanya,https://www.n11.com/promosyon/su-isitici-sofben-kampanya-1482402
Elektronik,Cep Telefonlarında  İndirimli Fiyatlar,https://www.n11.com/promosyon/cep-telefonlarinda-indirimli-fiyatlar-1097266
Elektronik,Isıtıcılarda Fırsatlar,https://www.n11.com/promosyon/isiticilarda-firsatlar-1449351
Elektronik,Her Eve Uygun Küçük Ekran TV’lerde Fırsatlar,https://www.n11.com/promosyon/her-eve-uygun-kucuk-ekran-tvlerde-firsatlar-1481355
Elektronik,Büyük Ekran TV Taksit Fırsatları,https://www.n11.com/promosyon/buyuk-ekran-tv-taksit-firsatlari-1403350
Elektronik,Instax Özel Fiyatlar,https://www.n11.com/promosyon/instax-ozel-fiyatlar-1125250
Elektronik,Android Medya Oynatıcılar ,https://www.n11.com/promosyon/android-medya-oynaticilar-1372373
Elektronik,Tabletlerde Kaçırılmayacak Fırsatlar,https://www.n11.com/promosyon/tabletlerde-kacirilmayacak-firsatlar-97258
Elektronik,Çevre Birimlerinde Fırsat Ürünleri,https://www.n11.com/promosyon/cevre-birimlerinde-firsat-urunleri-466280
Elektronik,Hard Disk ve Taşınabilir Disklerde Fırsatlar,https://www.n11.com/promosyon/hard-disk-ve-tasinabilir-disklerde-firsatlar-1408374
Elektronik,Seçili TV Modellerinde Kışa Özel İndirimler,https://www.n11.com/promosyon/secili-tv-modellerinde-kisa-ozel-indirimler-1392385
Elektronik,Hi-Fi Sistemlerle Müzikte Farkı Yaşayın,https://www.n11.com/promosyon/hi-fi-sistemlerle-muzikte-farki-yasayin-1285361
Elektronik,Bluetooth Hoparlörler ile Müzik Hep Sizinle,https://www.n11.com/promosyon/bluetooth-hoparlorler-ile-muzik-hep-sizinle-801252
Elektronik,JBL Bluetooth Hoparlörlerde Kaçırılmayacak Son Fırsatlar,https://www.n11.com/promosyon/jbl-bluetooth-hoparlorlerde-kacirilmayacak-son-firsatlar-1443362
Elektronik,Philips TV Modellerinde Fark Yaratan Gerçeklik,https://www.n11.com/promosyon/philips-tv-modellerinde-fark-yaratan-gerceklik-1468380
Elektronik,Mutfaklarınızda Ankastre Şıklığı,https://www.n11.com/promosyon/mutfaklarinizda-ankastre-sikligi-1291300
Elektronik,UFO Isıtıcılar,https://www.n11.com/promosyon/ufo-isiticilar-1465364
Elektronik,Klima ve Vantilatörlerde Fırsatlar,https://www.n11.com/promosyon/klima-ve-vantilatorlerde-firsatlar-1405366
Elektronik,İvigo Konvektör Isıtıcı,https://www.n11.com/promosyon/ivigo-konvektor-isitici-1454355
Elektronik,Kombi ve Termostatlarda Kışa Hazırlık Yap Fırsatı Kap,https://www.n11.com/promosyon/kombi-ve-termostatlarda-kisa-hazirlik-yap-firsati-kap-1438362
Elektronik,Yiyecekleriniz İlk Günkü Gibi Taze,https://www.n11.com/promosyon/yiyecekleriniz-ilk-gunku-gibi-taze-1262329
Elektronik,Kaira Klima,https://www.n11.com/promosyon/kaira-klima-1465369
Ev & Yaşam,Ajanda Ve Kalemlerde Kaçırılmaz Fırsatlar,https://www.n11.com/promosyon/ajanda-ve-kalemlerde-kacirilmaz-firsatlar-1469375
Ev & Yaşam,Karaca 150 TL ve Altı Ürünleri Kaçırma,https://www.n11.com/promosyon/karaca-150-tl-ve-alti-urunleri-kacirma-1479435
Ev & Yaşam,Elektrik Sıkıntısına Son Verecek Jeneratörlerde Cazip Fiyatları Keşfet,https://www.n11.com/promosyon/elektrik-sikintisina-son-verecek-jeneratorlerde-cazip-fiyatlari-kesfet-1468420
Ev & Yaşam,Okul Kırtasiye,https://www.n11.com/promosyon/okul-kirtasiye-1299312
Ev & Yaşam,Aydınlatma Ürünlerinde 250 TL Üzeri Alışverişlerde 25 TL İndirim,https://www.n11.com/promosyon/aydinlatma-urunlerinde-250-tl-uzeri-alisverislerde-25-tl-indirim-1477358
Ev & Yaşam,Avizelerde 350 TL ve Üzeri Alışverişlerde 40 TL Sepette Ek İndirim,https://www.n11.com/promosyon/avizelerde-350-tl-ve-uzeri-alisverislerde-40-tl-sepette-ek-indirim-1480354
Ev & Yaşam,"Ev Tekstili, Mobilya, Dekorasyon & Aydınlatmada %35'e Varan İndirim",https://www.n11.com/promosyon/ev-tekstili-mobilya-dekorasyon-aydinlatmada-35e-varan-indirim-1479356
Ev & Yaşam,Hediyelik Eşyalarda 150TL ve Üzeri Alışverişlerde %10 Sepette Ek İndirim,https://www.n11.com/promosyon/hediyelik-esyalarda-150tl-ve-uzeri-alisverislerde-10-sepette-ek-indirim-1484363
Ev & Yaşam,Mumlarda 100TL ve Üzeri Alışverişlerde 20TL Sepette Ek İndirim,https://www.n11.com/promosyon/mumlarda-100tl-ve-uzeri-alisverislerde-20tl-sepette-ek-indirim-1484362
Ev & Yaşam,Salon Ve Mutfak Tekstilinde Büyük İndirimi Yakala,https://www.n11.com/promosyon/salon-ve-mutfak-tekstilinde-buyuk-indirimi-yakala-1443403
Ev & Yaşam,Yumuşacık Yorganlarda Büyük İndirimi Yakala,https://www.n11.com/promosyon/yumusacik-yorganlarda-buyuk-indirimi-yakala-1447356
Ev & Yaşam,Penelope Ev Tekstili Ürünlerine Özel Avantajlı Fiyatlar,https://www.n11.com/promosyon/penelope-ev-tekstili-urunlerine-ozel-avantajli-fiyatlar-1444368
Ev & Yaşam,Yataş Ev Tekstili Ürünlerinde Cazip Fiyatlar,https://www.n11.com/promosyon/yatas-ev-tekstili-urunlerinde-cazip-fiyatlar-1438353
Ev & Yaşam,"Ev Tekstili, Dekorasyon Ve Aydınlatmada Kategoriden Özel Seçimler",https://www.n11.com/promosyon/ev-tekstili-dekorasyon-ve-aydinlatmada-kategoriden-ozel-secimler-1443365
Ev & Yaşam,POS Cihazı & Yazar Kasalarda Bütçene Uygun Fiyatlar,https://www.n11.com/promosyon/pos-cihazi-yazar-kasalarda-butcene-uygun-fiyatlar-979326
Ev & Yaşam,Mühlen ve HTM Markalı Ofis Makinelerinde Dev İndirimi Kaçırma,https://www.n11.com/promosyon/muhlen-ve-htm-markali-ofis-makinelerinde-dev-indirimi-kacirma-996260
Ev & Yaşam,Ofis Makinelerinde Avantajlı Fiyatlar,https://www.n11.com/promosyon/ofis-makinelerinde-avantajli-fiyatlar-998340
Ev & Yaşam,Çok Satan Hesap Makineleri,https://www.n11.com/promosyon/cok-satan-hesap-makineleri-1026304
Ev & Yaşam,Masa Üstü Set ve Kalemliklerde İndirim Fırsatları,https://www.n11.com/promosyon/masa-ustu-set-ve-kalemliklerde-indirim-firsatlari-1024259
Ev & Yaşam,BIC Ürünlerinde İndirim Fırsatları,https://www.n11.com/promosyon/bic-urunlerinde-indirim-firsatlari-1433371
Ev & Yaşam,Faber Castell ürünlerinde fırsatlar ,https://www.n11.com/promosyon/faber-castell-urunlerinde-firsatlar-1273365
Ev & Yaşam,Edding-Rengarenk Bir Dünya,https://www.n11.com/promosyon/edding-rengarenk-bir-dunya-1269309
Ev & Yaşam,Kırtasiye Eksiklerini Fırsatlarla Tamamla,https://www.n11.com/promosyon/kirtasiye-eksiklerini-firsatlarla-tamamla-1440364
Ev & Yaşam,Yazı Tahtalarında İndirimli Fiyatlar ,https://www.n11.com/promosyon/yazi-tahtalarinda-indirimli-fiyatlar-1142257
Ev & Yaşam,Çok Satan Kırtasiye Setleri,https://www.n11.com/promosyon/cok-satan-kirtasiye-setleri-1445352
Ev & Yaşam,Kalem ve Yazı Gereçlerinde Çok Satanlar,https://www.n11.com/promosyon/kalem-ve-yazi-gereclerinde-cok-satanlar-1392369
Ev & Yaşam,Çok Satan Kalem Ve Defter Çeşitleri,https://www.n11.com/promosyon/cok-satan-kalem-ve-defter-cesitleri-1443364
Ev & Yaşam,En Çok Satan Fotokopi Kağıtları,https://www.n11.com/promosyon/en-cok-satan-fotokopi-kagitlari-1019307
Ev & Yaşam,Ofis Kırtasiye Malzemelerinde Çok Satanları Keşfet,https://www.n11.com/promosyon/ofis-kirtasiye-malzemelerinde-cok-satanlari-kesfet-1004259
Ev & Yaşam,Hayal Dünyanı Renklendirecek Sanatsal Malzemeler,https://www.n11.com/promosyon/hayal-dunyani-renklendirecek-sanatsal-malzemeler-982272
Ev & Yaşam,Sevilen Carioca Ürünlerinde Bütçe Dostu Fiyatlar,https://www.n11.com/promosyon/sevilen-carioca-urunlerinde-butce-dostu-fiyatlar-1362366
Ev & Yaşam,Kuş Ürünleri ve Aksesuarlarda Fırsatlar,https://www.n11.com/promosyon/kus-urunleri-ve-aksesuarlarda-firsatlar-1417390
Ev & Yaşam,Akıllı Ürünlerde Özel Fiyatlar,https://www.n11.com/promosyon/akilli-urunlerde-ozel-fiyatlar-1404396
Anne & Bebek,Pierrecardin'de Bebeğinize Özel Sepette %30 İndirim,https://www.n11.com/promosyon/pierrecardinde-bebeginize-ozel-sepette-30-indirim-1485374
Anne & Bebek,PHARMASTORE Mağazasında %15 Sepette Ek İndirim,https://www.n11.com/promosyon/pharmastore-magazasinda-15-sepette-ek-indirim-1468417
Anne & Bebek,Binlerce Anne & Bebek Ürününde Fırsat Günlerini Kaçırma,https://www.n11.com/promosyon/binlerce-anne-bebek-urununde-firsat-gunlerini-kacirma-1479409
Anne & Bebek,Babybjörn Markasına Özel  Kaçırılmaz Fırsat,https://www.n11.com/promosyon/babybjorn-markasina-ozel-kacirilmaz-firsat-1479426
Anne & Bebek,morcadde Mağazasında %20 Sepette İndirim,https://www.n11.com/promosyon/morcadde-magazasinda-20-sepette-indirim-1478351
Anne & Bebek,Ugurbocegicocuk Mağazasında Sepette Ek İndirim,https://www.n11.com/promosyon/ugurbocegicocuk-magazasinda-sepette-ek-indirim-1415357
Anne & Bebek,Kırmızıbeyazeczane Sepette İndirim,https://www.n11.com/promosyon/kirmizibeyazeczane-sepette-indirim-1405371
Anne & Bebek,pozcuova Mağazasında %20 Sepette Ek İndirim,https://www.n11.com/promosyon/pozcuova-magazasinda-20-sepette-ek-indirim-1468418
Anne & Bebek,PortakalSafety Sepette Ek İndirim,https://www.n11.com/promosyon/portakalsafety-sepette-ek-indirim-1415360
Anne & Bebek,MinyBaby Sepette Ek İndirim,https://www.n11.com/promosyon/minybaby-sepette-ek-indirim-1417436
Anne & Bebek,bebeciti Mağazasında %20 Sepette Ek İndirim,https://www.n11.com/promosyon/bebeciti-magazasinda-20-sepette-ek-indirim-1469378
Anne & Bebek,Tommybaby Mağazasında %6 Sepette İndirim,https://www.n11.com/promosyon/tommybaby-magazasinda-6-sepette-indirim-1473350
Anne & Bebek,"Tommee Tippee, Wee Baby & Mycey Markalarında Sepette %25 İndirim",https://www.n11.com/promosyon/tommee-tippee-wee-baby-mycey-markalarinda-sepette-25-indirim-1469376
Anne & Bebek,HappyCenter Mağazasında 30 TL Sepette İndirim,https://www.n11.com/promosyon/happycenter-magazasinda-30-tl-sepette-indirim-1469377
Anne & Bebek,Papilion Markasında Cazip Fiyatlar,https://www.n11.com/promosyon/papilion-markasinda-cazip-fiyatlar-1481358
Anne & Bebek,Sleepy Bebek Ürünlerine Özel İndirim Kampanyası ,https://www.n11.com/promosyon/sleepy-bebek-urunlerine-ozel-indirim-kampanyasi-1409364
Anne & Bebek,Baby Turco Bebek Ürünleri Kampanyası,https://www.n11.com/promosyon/baby-turco-bebek-urunleri-kampanyasi-1438364
Anne & Bebek,Minimoda Mağazasında Kaçırılmayacak Fırsat,https://www.n11.com/promosyon/minimoda-magazasinda-kacirilmayacak-firsat-1482380
Anne & Bebek,Hamile Giyimde %25 Sepette İndirim,https://www.n11.com/promosyon/hamile-giyimde-25-sepette-indirim-1482438
Anne & Bebek,Tıpış Tıpış Sepette Ek İndirim,https://www.n11.com/promosyon/tipis-tipis-sepette-ek-indirim-1431351
Kozmetik & Kişisel Bakım,Şubat Özel Kozmetik Kişisel Bakım Ürünlerinde Fırsatlar,https://www.n11.com/promosyon/subat-ozel-kozmetik-kisisel-bakim-urunlerinde-firsatlar-1461359
Kozmetik & Kişisel Bakım,Ağız & Diş Bakım Ürünleri,https://www.n11.com/promosyon/agiz-dis-bakim-urunleri-1212289
Kozmetik & Kişisel Bakım,Royal Polo'da Sevgililer Gününe Özel Fırsatları Kaçırma!,https://www.n11.com/promosyon/royal-poloda-sevgililer-gunune-ozel-firsatlari-kacirma-1485364
Kozmetik & Kişisel Bakım,Sleepy Kadın Bakım Ürünlerinde Avantajlı Fiyatlar,https://www.n11.com/promosyon/sleepy-kadin-bakim-urunlerinde-avantajli-fiyatlar-1483363
Kozmetik & Kişisel Bakım,Niş Parfümlerde Özel Fırsatlar,https://www.n11.com/promosyon/nis-parfumlerde-ozel-firsatlar-1386400
Kozmetik & Kişisel Bakım,Lüks Cilt Bakım Ürünlerinde Özel Fırsatlar,https://www.n11.com/promosyon/luks-cilt-bakim-urunlerinde-ozel-firsatlar-1388359
Kozmetik & Kişisel Bakım,Sevgililer Günü Hediyelik Ürünler,https://www.n11.com/promosyon/sevgililer-gunu-hediyelik-urunler-1484361
Kozmetik & Kişisel Bakım,En Sevilen Parfüm ve Deodorantlarda Fırsatlar,https://www.n11.com/promosyon/en-sevilen-parfum-ve-deodorantlarda-firsatlar-1357360
Kozmetik & Kişisel Bakım,"Vichy, La Roche Posay, Cerave Ürünlerinde Özel Fiyatlar",https://www.n11.com/promosyon/vichy-la-roche-posay-cerave-urunlerinde-ozel-fiyatlar-1482351
Kozmetik & Kişisel Bakım,Tasarım İthal Parfümlerde En Sevilenleri Keşfet,https://www.n11.com/promosyon/tasarim-ithal-parfumlerde-en-sevilenleri-kesfet-1442354
Kozmetik & Kişisel Bakım,Dermokozmetik Kampanya,https://www.n11.com/promosyon/dermokozmetik-kampanya-1468367
Kozmetik & Kişisel Bakım,Sağlık Ürünlerinde Avantajlı Fiyatlar,https://www.n11.com/promosyon/saglik-urunlerinde-avantajli-fiyatlar-1286302
Mücevher & Saat,Nine West Retro Saatlerde Sevgililer Gününe Özel Tek Fiyat Fırsatı!,https://www.n11.com/promosyon/nine-west-retro-saatlerde-sevgililer-gunune-ozel-tek-fiyat-firsati-1485368
Mücevher & Saat,Sevgililer Gününe Özel En Şık Güneş Gözlükleri n11'de!,https://www.n11.com/promosyon/sevgililer-gunune-ozel-en-sik-gunes-gozlukleri-n11de-1483408
Mücevher & Saat,Sevgililer Gününde Rosefield Saatlerde Özel Fiyatlar!,https://www.n11.com/promosyon/sevgililer-gununde-rosefield-saatlerde-ozel-fiyatlar-1485369
Mücevher & Saat,Daniel Wellington Saatlerde Sevgililer Gününe Özel Fırsatlar!,https://www.n11.com/promosyon/daniel-wellington-saatlerde-sevgililer-gunune-ozel-firsatlar-1485371
Mücevher & Saat,Qielle Özel Koleksiyon Ürünlerinde İndirim,https://www.n11.com/promosyon/qielle-ozel-koleksiyon-urunlerinde-indirim-1485372
Mücevher & Saat,Moda Marka Saatlerde Fırsatları Kaçırma!,https://www.n11.com/promosyon/moda-marka-saatlerde-firsatlari-kacirma-1485366
Mücevher & Saat,Papary Güneş Gözlüklerinde Sepette %15 İndirim Fırsatı!,https://www.n11.com/promosyon/papary-gunes-gozluklerinde-sepette-15-indirim-firsati-1484375
Mücevher & Saat,Sevgililer Gününe Özel Seçili Takılarda İndirimi Kaçırma,https://www.n11.com/promosyon/sevgililer-gunune-ozel-secili-takilarda-indirimi-kacirma-1484374
Mücevher & Saat,Royal Polo'da Sevgililer Gününe Özel Fırsatları Kaçırma!,https://www.n11.com/promosyon/royal-poloda-sevgililer-gunune-ozel-firsatlari-kacirma-1485364
Mücevher & Saat,Sevgililer Gününe Özel Swarovski Güneş Gözlüklerinde %50'ye Varan İndirim!,https://www.n11.com/promosyon/sevgililer-gunune-ozel-swarovski-gunes-gozluklerinde-50ye-varan-indirim-1483409
Mücevher & Saat,Saat ve Takıda Fırsat Ürünlerini Kaçırma! 1-2-3 Şubat,https://www.n11.com/promosyon/saat-ve-takida-firsat-urunlerini-kacirma-1-2-3-subat-1483362
Mücevher & Saat,Giftinn Mağazasında Altın Takılarda Sevgililer Günü Fırsatı,https://www.n11.com/promosyon/giftinn-magazasinda-altin-takilarda-sevgililer-gunu-firsati-1462371
Mücevher & Saat,Khailosilver Mağazasında Özel Fiyatlar,https://www.n11.com/promosyon/khailosilver-magazasinda-ozel-fiyatlar-1469449
Mücevher & Saat,Gümüşistan Mağazasında Özel İndirimler,https://www.n11.com/promosyon/gumusistan-magazasinda-ozel-indirimler-1471366
Mücevher & Saat,Yatırımlık Altında En Uygun Fiyatlar,https://www.n11.com/promosyon/yatirimlik-altinda-en-uygun-fiyatlar-1034254
Mücevher & Saat,Online Takı Altın ve Gümüş Takılarda %40  İndirim,https://www.n11.com/promosyon/online-taki-altin-ve-gumus-takilarda-40-indirim-1341383
Mücevher & Saat,Vaoov Mağazasında Gümüş Takılarda %20  İndirim,https://www.n11.com/promosyon/vaoov-magazasinda-gumus-takilarda-20-indirim-1444363
Mücevher & Saat,Lawpırlanta Işıltılı Pırlanta Takılarda %11  İndirim ,https://www.n11.com/promosyon/lawpirlanta-isiltili-pirlanta-takilarda-11-indirim-1441360
Mücevher & Saat,Gümüşhediyeal Mağazasında Gümüş Takılarda %55 Sepette Ek İndirim,https://www.n11.com/promosyon/gumushediyeal-magazasinda-gumus-takilarda-55-sepette-ek-indirim-1357352
Mücevher & Saat,Luckyturtles Mağazasında Gümüş Takılarda %15  İndirim,https://www.n11.com/promosyon/luckyturtles-magazasinda-gumus-takilarda-15-indirim-1453366
Mücevher & Saat,Altınsepeti Her Zevke Uygun Altın Takılarda %25 İndirim ,https://www.n11.com/promosyon/altinsepeti-her-zevke-uygun-altin-takilarda-25-indirim-1454361
Mücevher & Saat,Miavento Gümüş Takılarda %20 İndirim,https://www.n11.com/promosyon/miavento-gumus-takilarda-20-indirim-1426375
Mücevher & Saat,X-Lady Accessories Bijuteri Takılarda %25 İndirim,https://www.n11.com/promosyon/x-lady-accessories-bijuteri-takilarda-25-indirim-1415351
Mücevher & Saat,"Silvanit Pırlanta, Pırlanta Takılarda Sepette %15 İndirim",https://www.n11.com/promosyon/silvanit-pirlanta-pirlanta-takilarda-sepette-15-indirim-1434358
Mücevher & Saat,Sembolgold %40 İndirim,https://www.n11.com/promosyon/sembolgold-40-indirim-1341363
Mücevher & Saat,Altınbase Altın ve Pırlanta Takılarda Sepette %20 İndirim,https://www.n11.com/promosyon/altinbase-altin-ve-pirlanta-takilarda-sepette-20-indirim-1417433
Mücevher & Saat,Sarepırlanta Pırlanta Takılarda %20 İndirim,https://www.n11.com/promosyon/sarepirlanta-pirlanta-takilarda-20-indirim-1455373
Mücevher & Saat,2021'in Gözdelerinden  En Çok Satan Gümüş Takılar,https://www.n11.com/promosyon/2021in-gozdelerinden-en-cok-satan-gumus-takilar-1478355
Mücevher & Saat,Altın Takılara Özel İndirimi Yakala,https://www.n11.com/promosyon/altin-takilara-ozel-indirimi-yakala-1477379
Mücevher & Saat,Son Moda Altın ve Gümüş Takılarda Fırsatlar,https://www.n11.com/promosyon/son-moda-altin-ve-gumus-takilarda-firsatlar-1477380
Mücevher & Saat,Papatyasilver Mağazasında %70 Sepette Ek İndirim,https://www.n11.com/promosyon/papatyasilver-magazasinda-70-sepette-ek-indirim-1398376
Mücevher & Saat,Aypamücevher Altın ve Pırlanta Takılarda Dev İndirim,https://www.n11.com/promosyon/aypamucevher-altin-ve-pirlanta-takilarda-dev-indirim-1396365
Mücevher & Saat,Kuyumcu Dükkanı Işıltılı Gümüş Takılarda %55'e Varan İndirim,https://www.n11.com/promosyon/kuyumcu-dukkani-isiltili-gumus-takilarda-55e-varan-indirim-1481350
Mücevher & Saat,Renkli ve Eğlenceli Çocuk Takılarında İndirim,https://www.n11.com/promosyon/renkli-ve-eglenceli-cocuk-takilarinda-indirim-1480358
Mücevher & Saat,Erkek Gümüş Yüzüklerinde Fırsatlar,https://www.n11.com/promosyon/erkek-gumus-yuzuklerinde-firsatlar-1482423
Mücevher & Saat,Coşarsilver Gümüş Takılarda İndirim,https://www.n11.com/promosyon/cosarsilver-gumus-takilarda-indirim-1433372
Mücevher & Saat,Altınköşe Mağazasında %35 İndirim,https://www.n11.com/promosyon/altinkose-magazasinda-35-indirim-1483364
Mücevher & Saat,Tektaş Mağazasında Sepette %50 Ek İndirim,https://www.n11.com/promosyon/tektas-magazasinda-sepette-50-ek-indirim-1483365
Mücevher & Saat,GürelOptik Kadın ve Erkek Güneş Gözlüklerinde %50'ye Varan İndirimler!,https://www.n11.com/promosyon/gureloptik-kadin-ve-erkek-gunes-gozluklerinde-50ye-varan-indirimler-1418359
Mücevher & Saat,Swatch Saatlerde n11'e Özel Fiyatlar!,https://www.n11.com/promosyon/swatch-saatlerde-n11e-ozel-fiyatlar-1398361
Mücevher & Saat,Welder Moody Kadın ve Erkek Kol Saatlerinde Saatlerinde Özel Fiyatlar!,https://www.n11.com/promosyon/welder-moody-kadin-ve-erkek-kol-saatlerinde-saatlerinde-ozel-fiyatlar-1453398
Mücevher & Saat,Yurt Dışından Gelen Saatlerde %15 Sepette İndirim Fırsatı!,https://www.n11.com/promosyon/yurt-disindan-gelen-saatlerde-15-sepette-indirim-firsati-1478358
Mücevher & Saat,Güneş Gözlüklerinde Özel Fiyatları Kaçırma!,https://www.n11.com/promosyon/gunes-gozluklerinde-ozel-fiyatlari-kacirma-1480364
Mücevher & Saat,AtasunOptik Affair Marka Güneş Gözlüklerinde Özel Fiyatları Kaçırma!,https://www.n11.com/promosyon/atasunoptik-affair-marka-gunes-gozluklerinde-ozel-fiyatlari-kacirma-1482364
Mücevher & Saat,Es Bella ve Gabba Markalı Güneş Gözlüklerinde Tek Fiyat!,https://www.n11.com/promosyon/es-bella-ve-gabba-markali-gunes-gozluklerinde-tek-fiyat-1480361
Mücevher & Saat,Lorus Yeni Sezon Saatler N11 Özel Fiyatlarla,https://www.n11.com/promosyon/lorus-yeni-sezon-saatler-n11-ozel-fiyatlarla-1469447
Mücevher & Saat,Nine West Kadın Kol Saatlerinde %80'e Varan İndirim Fırsatı!,https://www.n11.com/promosyon/nine-west-kadin-kol-saatlerinde-80e-varan-indirim-firsati-1468406
Mücevher & Saat,TekSaat Kadın ve Erkek Kol Saatlerinde %85'e Varan İndirim Fırsatı,https://www.n11.com/promosyon/teksaat-kadin-ve-erkek-kol-saatlerinde-85e-varan-indirim-firsati-1368350
Mücevher & Saat,Kol Düğmelerinde İndirimi Yakala!,https://www.n11.com/promosyon/kol-dugmelerinde-indirimi-yakala-1450354
Mücevher & Saat,Seiko 5 Erkek Kol Saatlerinde N11 Özel Fiyatlar,https://www.n11.com/promosyon/seiko-5-erkek-kol-saatlerinde-n11-ozel-fiyatlar-1443354
Mücevher & Saat,Lorus Çocuk Kol Saatlerinde %70'e Varan İndirim Fırsatı!,https://www.n11.com/promosyon/lorus-cocuk-kol-saatlerinde-70e-varan-indirim-firsati-1467404
Mücevher & Saat,Pulsar Erkek Kol Saatlerinde %80'e Varan İndirim Fırsatı!,https://www.n11.com/promosyon/pulsar-erkek-kol-saatlerinde-80e-varan-indirim-firsati-1467403
Mücevher & Saat,Moda Marka Saatlerde %70'e Varan Özel İndirimler,https://www.n11.com/promosyon/moda-marka-saatlerde-70e-varan-ozel-indirimler-1443352
Mücevher & Saat,Victorinox Kol Saatlerinde N11 Özel Fiyatlar,https://www.n11.com/promosyon/victorinox-kol-saatlerinde-n11-ozel-fiyatlar-1454382
Mücevher & Saat,Anahtarlık Çeşitlerinde Kaçırılmayacak Fiyatlar!,https://www.n11.com/promosyon/anahtarlik-cesitlerinde-kacirilmayacak-fiyatlar-1468386
Mücevher & Saat,Guess Collection Kol Saatlerinde N11 Özel Fiyatlar,https://www.n11.com/promosyon/guess-collection-kol-saatlerinde-n11-ozel-fiyatlar-1455371
Mücevher & Saat,Favori Tespih Modellerinde Avantajlı Fiyatlar!,https://www.n11.com/promosyon/favori-tespih-modellerinde-avantajli-fiyatlar-1388360
Mücevher & Saat,Gucci Erkek ve Kadın Kol Saatlerinde N11 Özel İndirimler,https://www.n11.com/promosyon/gucci-erkek-ve-kadin-kol-saatlerinde-n11-ozel-indirimler-1454381
Mücevher & Saat,Kartvizitliklerde Özel Fiyatları Kaçırma!,https://www.n11.com/promosyon/kartvizitliklerde-ozel-fiyatlari-kacirma-1469357
Mücevher & Saat,Versace Kadın ve Erkek Kol Saatlerinde %40'a Varan İndirim!,https://www.n11.com/promosyon/versace-kadin-ve-erkek-kol-saatlerinde-40a-varan-indirim-1454398
Mücevher & Saat,Seiko Saatlerde %65'e Varan İndirimler!,https://www.n11.com/promosyon/seiko-saatlerde-65e-varan-indirimler-1373371
Mücevher & Saat,Pulsar ve Lorus Marka Saatlerde N11 Özel Fiyatlar,https://www.n11.com/promosyon/pulsar-ve-lorus-marka-saatlerde-n11-ozel-fiyatlar-1367363
Mücevher & Saat,Seiko Erkek Kol Saatlerinde n11'e Özel Fiyatlar,https://www.n11.com/promosyon/seiko-erkek-kol-saatlerinde-n11e-ozel-fiyatlar-1417438
Mücevher & Saat,Bayargold Altın ve Pırlanta Takılarda Cazip Fiyatlar,https://www.n11.com/promosyon/bayargold-altin-ve-pirlanta-takilarda-cazip-fiyatlar-1381353
Mücevher & Saat,Semiz Kuyumculuk Altın ve Pırlanta Takılarda Yılın Son Fırsatları,https://www.n11.com/promosyon/semiz-kuyumculuk-altin-ve-pirlanta-takilarda-yilin-son-firsatlari-1368354
Mücevher & Saat,Emajewellery X Çağla Şikel Koleksiyonunda İndirim,https://www.n11.com/promosyon/emajewellery-x-cagla-sikel-koleksiyonunda-indirim-1399398
Mücevher & Saat,Valorijewels Mağazasında Swarovski Taşlı Takılarda Özel İndirimler,https://www.n11.com/promosyon/valorijewels-magazasinda-swarovski-tasli-takilarda-ozel-indirimler-1453364
Mücevher & Saat,Karajewelry Gümüş Takılarda Fırsatlar,https://www.n11.com/promosyon/karajewelry-gumus-takilarda-firsatlar-1474365
Mücevher & Saat,ÇGK Mücevherat  Altın Takılarda Cazip Fiyatlar,https://www.n11.com/promosyon/cgk-mucevherat-altin-takilarda-cazip-fiyatlar-1340385
Mücevher & Saat,Qielle Gümüş Takı Çeşitlerinde %60'a Varan İndirim,https://www.n11.com/promosyon/qielle-gumus-taki-cesitlerinde-60a-varan-indirim-1454363
Mücevher & Saat,Aydındurukan Mağazasında %50'ye Varan İndirim,https://www.n11.com/promosyon/aydindurukan-magazasinda-50ye-varan-indirim-1476401
Mücevher & Saat,İberdiamon Mağazasında Seçili Yüzüklerde %60'a Varan İndirim ,https://www.n11.com/promosyon/iberdiamon-magazasinda-secili-yuzuklerde-60a-varan-indirim-1456413
Mücevher & Saat,SO-MUCH Saç Aksesuarlarında %50'ye Varan İndirim,https://www.n11.com/promosyon/so-much-sac-aksesuarlarinda-50ye-varan-indirim-1457362
Mücevher & Saat,BAHELS Takı ve Saç Aksesuarlarında Sepette %70'e Varan İndirim,https://www.n11.com/promosyon/bahels-taki-ve-sac-aksesuarlarinda-sepette-70e-varan-indirim-1417430
Mücevher & Saat,Gelin Takılarında Kaçırılmayak İndirim,https://www.n11.com/promosyon/gelin-takilarinda-kacirilmayak-indirim-1485355
Mücevher & Saat,Raymond ve Polo Country Saatlerde Mevcut İndirimlere Ek Sepette %20 İndirim!,https://www.n11.com/promosyon/raymond-ve-polo-country-saatlerde-mevcut-indirimlere-ek-sepette-20-indirim-1478368
Mücevher & Saat,Seçili Saatlerde Sevgililer Gününe Özel Fiyatlar,https://www.n11.com/promosyon/secili-saatlerde-sevgililer-gunune-ozel-fiyatlar-1483370
Mücevher & Saat,Seçili Saat Markalarında Büyük İndirimleri Kaçırma!,https://www.n11.com/promosyon/secili-saat-markalarinda-buyuk-indirimleri-kacirma-1481354
Mücevher & Saat,"Saat,Güneş Gözlüğü,Takı ve Aksesuarlarda Çok Satanlar",https://www.n11.com/promosyon/saatgunes-gozlugutaki-ve-aksesuarlarda-cok-satanlar-1426355
Spor & Outdoor,Kış Sporlarında Yeni Sezon Fırsatları,https://www.n11.com/promosyon/kis-sporlarinda-yeni-sezon-firsatlari-1474354
Spor & Outdoor,Outdoor Ürünlerinde Fırsatlar,https://www.n11.com/promosyon/outdoor-urunlerinde-firsatlar-1470359
Spor & Outdoor,Outdoor Ayakkabı & Giyim Yeni Sezon,https://www.n11.com/promosyon/outdoor-ayakkabi-giyim-yeni-sezon-1453384
Spor & Outdoor,The North Face Yeni Sezon   ,https://www.n11.com/promosyon/the-north-face-yeni-sezon-1456411
Spor & Outdoor,Kamp Mobilyalarında Fırsatlar ,https://www.n11.com/promosyon/kamp-mobilyalarinda-firsatlar-1384367
Spor & Outdoor,Masa Tenisi Ürünlerinde Fırsatları Kaçırmayın,https://www.n11.com/promosyon/masa-tenisi-urunlerinde-firsatlari-kacirmayin-1469351
Spor & Outdoor,Outdoor & Kamp Ürünlerinde Fırsatlar,https://www.n11.com/promosyon/outdoor-kamp-urunlerinde-firsatlar-1252349
Spor & Outdoor,Koşu Bandı Ve Kondisyon Bisikletlerinde Kaçırılmayacak Fırsatlar,https://www.n11.com/promosyon/kosu-bandi-ve-kondisyon-bisikletlerinde-kacirilmayacak-firsatlar-1451357
Spor & Outdoor,Hummel Ürünlerinde Sevgililer Günü Fırsatları,https://www.n11.com/promosyon/hummel-urunlerinde-sevgililer-gunu-firsatlari-1482448
Spor & Outdoor,Masaj Ürünleri ile Yeni Yıla Zinde Girin,https://www.n11.com/promosyon/masaj-urunleri-ile-yeni-yila-zinde-girin-1468376
Spor & Outdoor,Vitamin ve Minerallerde İndirimi Yakala,https://www.n11.com/promosyon/vitamin-ve-minerallerde-indirimi-yakala-1480368
Spor & Outdoor,FILA Mağazasında Açılışa Özel %50 İndirim Fırsatlar,https://www.n11.com/promosyon/fila-magazasinda-acilisa-ozel-50-indirim-firsatlar-1471352
Spor & Outdoor,Spor & Outdoor En Çok Satan Giyim ve Ayakkabılarda İndirimler,https://www.n11.com/promosyon/spor-outdoor-en-cok-satan-giyim-ve-ayakkabilarda-indirimler-1480369
Spor & Outdoor,Mizuno Giyim Ürünlerinde %50 Varan Sezon Sonu İndirimi!,https://www.n11.com/promosyon/mizuno-giyim-urunlerinde-50-varan-sezon-sonu-indirimi-1484351
Spor & Outdoor,Eczacıbaşı Güvencesiyle Selfit Gıda Takviyelerinde 3 Al 2 Öde Fırsatı,https://www.n11.com/promosyon/eczacibasi-guvencesiyle-selfit-gida-takviyelerinde-3-al-2-ode-firsati-1484350
Spor & Outdoor,Spor & Outdoor ,https://www.n11.com/promosyon/spor-outdoor-1385359
"Kitap, Müzik, Film, Oyun",Pelüşlerde Fırsatlar,https://www.n11.com/promosyon/peluslerde-firsatlar-1170282
"Kitap, Müzik, Film, Oyun",Nethouse Mağazasında Şubat Kampanyası,https://www.n11.com/promosyon/nethouse-magazasinda-subat-kampanyasi-1485365
"Kitap, Müzik, Film, Oyun",Sizin İçin Seçtiğimiz Kitap Setleri,https://www.n11.com/promosyon/sizin-icin-sectigimiz-kitap-setleri-1442421
"Kitap, Müzik, Film, Oyun",The Witcher Serisi Kitapları,https://www.n11.com/promosyon/the-witcher-serisi-kitaplari-1479401
"Kitap, Müzik, Film, Oyun",Harry Potter Ürünleri,https://www.n11.com/promosyon/harry-potter-urunleri-1478370
"Kitap, Müzik, Film, Oyun",Yabancı Dil Sınavlarına Hazırlık Kitapları,https://www.n11.com/promosyon/yabanci-dil-sinavlarina-hazirlik-kitaplari-1477359
"Kitap, Müzik, Film, Oyun",Bruder Markasından Kaçırılmayacak Fırsatlar,https://www.n11.com/promosyon/bruder-markasindan-kacirilmayacak-firsatlar-1474356
"Kitap, Müzik, Film, Oyun",Çocuk Scooterları ve Hoverboardlar Fırsatlar,https://www.n11.com/promosyon/cocuk-scooterlari-ve-hoverboardlar-firsatlar-1254310
"Kitap, Müzik, Film, Oyun",En Çok Satan Hobi&Oyuncak Ürünleri ,https://www.n11.com/promosyon/en-cok-satan-hobioyuncak-urunleri-974277
"Kitap, Müzik, Film, Oyun",Akülü Arabalarda Fırsatlar,https://www.n11.com/promosyon/akulu-arabalarda-firsatlar-1134253
"Kitap, Müzik, Film, Oyun",Hamaha Ahşap Oyuncak Çeşitlerinde Fırsatlar,https://www.n11.com/promosyon/hamaha-ahsap-oyuncak-cesitlerinde-firsatlar-1482363
"Kitap, Müzik, Film, Oyun",Lego Fırsatları,https://www.n11.com/promosyon/lego-firsatlari-1260312
"Kitap, Müzik, Film, Oyun",Oyun Takımlarında Özel Fırsatlar,https://www.n11.com/promosyon/oyun-takimlarinda-ozel-firsatlar-1257371
"Kitap, Müzik, Film, Oyun",Akıl & Kutu Oyunlarında Fırsatlar,https://www.n11.com/promosyon/akil-kutu-oyunlarinda-firsatlar-1244311
"Kitap, Müzik, Film, Oyun",E-Kitap Okuyucular,https://www.n11.com/promosyon/e-kitap-okuyucular-1468415
"Kitap, Müzik, Film, Oyun",Çocuk ve Gençlik Kitapları,https://www.n11.com/promosyon/cocuk-ve-genclik-kitaplari-997288
"Kitap, Müzik, Film, Oyun","Spor, Outdoor & Yoga-Pilates Kitapları",https://www.n11.com/promosyon/spor-outdoor-yoga-pilates-kitaplari-1465359
"Kitap, Müzik, Film, Oyun",İthaki Yayınları %50 İndirimler,https://www.n11.com/promosyon/ithaki-yayinlari-50-indirimler-1237305
"Kitap, Müzik, Film, Oyun",En Çok Satan Eğitim ve Ders Kitapları,https://www.n11.com/promosyon/en-cok-satan-egitim-ve-ders-kitaplari-856276
"Kitap, Müzik, Film, Oyun",Çocuk Gelişim Kitapları,https://www.n11.com/promosyon/cocuk-gelisim-kitaplari-1293311
"Kitap, Müzik, Film, Oyun",Pegasus Yayınlarından %50'ye Varan İndirimler,https://www.n11.com/promosyon/pegasus-yayinlarindan-50ye-varan-indirimler-1027253
"Kitap, Müzik, Film, Oyun",En Sevilen Romanlar,https://www.n11.com/promosyon/en-sevilen-romanlar-1417364
"Kitap, Müzik, Film, Oyun",Sınav Kitaplarında Fırsatlar,https://www.n11.com/promosyon/sinav-kitaplarinda-firsatlar-1160334
"Kitap, Müzik, Film, Oyun",100 Temel Eser Kitaplarında Avantajlı Fiyatlar,https://www.n11.com/promosyon/100-temel-eser-kitaplarinda-avantajli-fiyatlar-1433368
"Kitap, Müzik, Film, Oyun",İş Bankası Hasan Ali Yücel Klasikleri ve Modern Klasikler Serisi,https://www.n11.com/promosyon/is-bankasi-hasan-ali-yucel-klasikleri-ve-modern-klasikler-serisi-1443423
"Kitap, Müzik, Film, Oyun",Çocuk Edebiyatından Seçmeler,https://www.n11.com/promosyon/cocuk-edebiyatindan-secmeler-1438360
"Kitap, Müzik, Film, Oyun",Kalimbalarda Fırsatlar,https://www.n11.com/promosyon/kalimbalarda-firsatlar-1244375
"Kitap, Müzik, Film, Oyun",Çok Satan Çizgi Roman ve Manga Serileri,https://www.n11.com/promosyon/cok-satan-cizgi-roman-ve-manga-serileri-1443422
"Kitap, Müzik, Film, Oyun",Ukulele ile Eğlence Zamanı,https://www.n11.com/promosyon/ukulele-ile-eglence-zamani-966301
"Kitap, Müzik, Film, Oyun",Tıp Kitapları,https://www.n11.com/promosyon/tip-kitaplari-1453375
"Kitap, Müzik, Film, Oyun",En Çok Satan Müzik Aletlerinde İndirim Fırsatları,https://www.n11.com/promosyon/en-cok-satan-muzik-aletlerinde-indirim-firsatlari-987269
"Kitap, Müzik, Film, Oyun",Pikap ve E- Kitap Okuyucularda İndirim Fırsatları,https://www.n11.com/promosyon/pikap-ve-e-kitap-okuyucularda-indirim-firsatlari-947251
"Kitap, Müzik, Film, Oyun",Anne-Bebek Eğitim Kitapları,https://www.n11.com/promosyon/anne-bebek-egitim-kitaplari-1447361
"Kitap, Müzik, Film, Oyun",Epsilon Yayınlarında Fırsatlar,https://www.n11.com/promosyon/epsilon-yayinlarinda-firsatlar-1260318
"Kitap, Müzik, Film, Oyun",Ayn Rand Kitapları,https://www.n11.com/promosyon/ayn-rand-kitaplari-1469350
"Kitap, Müzik, Film, Oyun",İthaki Bilim-kurgu Klasikleri Serisi,https://www.n11.com/promosyon/ithaki-bilim-kurgu-klasikleri-serisi-1435357
"Kitap, Müzik, Film, Oyun",Çok Satan Plaklar,https://www.n11.com/promosyon/cok-satan-plaklar-1469379
"Kitap, Müzik, Film, Oyun",Yabancı Dilde Kitaplar,https://www.n11.com/promosyon/yabanci-dilde-kitaplar-1473359
"Kitap, Müzik, Film, Oyun",Barbie Bebekleri ve Oyuncaklarında Fırsatlar,https://www.n11.com/promosyon/barbie-bebekleri-ve-oyuncaklarinda-firsatlar-1269357
"Kitap, Müzik, Film, Oyun",Çocuk Bisikletlerinde Özel Fiyatlar,https://www.n11.com/promosyon/cocuk-bisikletlerinde-ozel-fiyatlar-1279312
"Kitap, Müzik, Film, Oyun",Bebek Oyuncaklarında Fırsatlar,https://www.n11.com/promosyon/bebek-oyuncaklarinda-firsatlar-1260342
"Kitap, Müzik, Film, Oyun",Uzaktan Kumandalı Araçlarda 2021 Fırsatları,https://www.n11.com/promosyon/uzaktan-kumandali-araclarda-2021-firsatlari-1276401
"Kitap, Müzik, Film, Oyun",Oyun Çadırları,https://www.n11.com/promosyon/oyun-cadirlari-1052252
"Kitap, Müzik, Film, Oyun",Sevilen Sylvanian Family Oyuncaklarında Fırsatlar,https://www.n11.com/promosyon/sevilen-sylvanian-family-oyuncaklarinda-firsatlar-1476409
Otomotiv & Motosiklet,Silecek Fırsatlarını Kaçırma,https://www.n11.com/promosyon/silecek-firsatlarini-kacirma-1474366
Otomotiv & Motosiklet,Araç Bakım Ürünleriyle Aracınıza Gereken Özeni Gösterin,https://www.n11.com/promosyon/arac-bakim-urunleriyle-araciniza-gereken-ozeni-gosterin-1415372
Otomotiv & Motosiklet,Oto Bakım Ürünleriyle Aracına Gözün Gibi Bak,https://www.n11.com/promosyon/oto-bakim-urunleriyle-aracina-gozun-gibi-bak-1272400
Otomotiv & Motosiklet,Aracını Seç Sileceğini Bul,https://www.n11.com/promosyon/aracini-sec-silecegini-bul-560272
